OECD Activity categories,Energy
paid work (all jobs),3
travel to and from work/study,1.9
time in school or classes,1.8
research/homework,1.8
job search,1.5
other paid work or study-related,2
routine housework,3.3
shopping,2.3
care for household members,2.4
child care,2.5
adult care,2.3
care for non household members,2.4
volunteering,2.3
travel related to household activities,1.9
other unpaid,2.425
sleeping,0.95
eating & drinking,1.75
"personal, household, and medical services + travel related to personal care",2
sports,6.24
participating / attending events,2.25
visiting or entertaining friends,1.65
TV or radio at home,1.3
Other leisure activities,2.86
religious / spiritual activities and civic obligations,2
other (no categories),2.284375
