STDACT,WORK_W,WORK_WX,COMM_C,COMM_CX,COMM_CE,COMM_CXE
CA,TRUE,TRUE,TRUE,TRUE,TRUE,TRUE
CC,TRUE,TRUE,TRUE,TRUE,TRUE,TRUE
CM,TRUE,TRUE,TRUE,TRUE,TRUE,TRUE
CS,TRUE,TRUE,TRUE,TRUE,TRUE,TRUE
CU,TRUE,TRUE,TRUE,TRUE,TRUE,TRUE
CW,TRUE,TRUE,TRUE,TRUE,TRUE,TRUE
CX,TRUE,TRUE,TRUE,TRUE,TRUE,TRUE
EE,FALSE,FALSE,FALSE,FALSE,FALSE,FALSE
ES,FALSE,FALSE,FALSE,FALSE,FALSE,FALSE
EU,FALSE,FALSE,FALSE,FALSE,FALSE,FALSE
EX,FALSE,FALSE,FALSE,FALSE,FALSE,FALSE
FA,TRUE,TRUE,FALSE,FALSE,FALSE,FALSE
FC,TRUE,TRUE,FALSE,FALSE,FALSE,FALSE
FF,TRUE,TRUE,FALSE,FALSE,FALSE,FALSE
FH,TRUE,TRUE,FALSE,FALSE,FALSE,FALSE
FL,TRUE,TRUE,FALSE,FALSE,FALSE,FALSE
FU,TRUE,TRUE,FALSE,FALSE,FALSE,FALSE
FX,TRUE,TRUE,FALSE,FALSE,FALSE,FALSE
HH,TRUE,TRUE,FALSE,FALSE,FALSE,FALSE
HM,TRUE,TRUE,FALSE,FALSE,FALSE,FALSE
HU,TRUE,TRUE,FALSE,FALSE,FALSE,FALSE
HX,TRUE,TRUE,FALSE,FALSE,FALSE,FALSE
IE,TRUE,TRUE,FALSE,FALSE,TRUE,TRUE
IG,FALSE,FALSE,FALSE,FALSE,FALSE,FALSE
II,FALSE,FALSE,FALSE,FALSE,FALSE,FALSE
IN,FALSE,FALSE,FALSE,FALSE,FALSE,FALSE
IP,FALSE,FALSE,FALSE,FALSE,FALSE,FALSE
IR,FALSE,FALSE,FALSE,FALSE,FALSE,FALSE
IS,FALSE,FALSE,FALSE,FALSE,FALSE,FALSE
IU,FALSE,FALSE,FALSE,FALSE,FALSE,FALSE
IX,FALSE,FALSE,FALSE,FALSE,FALSE,FALSE
MA,TRUE,TRUE,FALSE,FALSE,FALSE,FALSE
MC,TRUE,TRUE,FALSE,FALSE,FALSE,FALSE
MF,TRUE,TRUE,FALSE,FALSE,FALSE,FALSE
MM,TRUE,TRUE,FALSE,FALSE,FALSE,FALSE
MU,TRUE,TRUE,FALSE,FALSE,FALSE,FALSE
MX,TRUE,TRUE,FALSE,FALSE,FALSE,FALSE
PC,TRUE,TRUE,FALSE,FALSE,FALSE,FALSE
PG,TRUE,TRUE,FALSE,FALSE,FALSE,FALSE
PH,TRUE,TRUE,FALSE,FALSE,FALSE,FALSE
PS,TRUE,TRUE,FALSE,FALSE,FALSE,FALSE
PU,TRUE,TRUE,FALSE,FALSE,FALSE,FALSE
PX,TRUE,TRUE,FALSE,FALSE,FALSE,FALSE
SC,TRUE,TRUE,FALSE,FALSE,FALSE,FALSE
SE,TRUE,TRUE,FALSE,FALSE,TRUE,TRUE
SO,FALSE,FALSE,FALSE,FALSE,FALSE,FALSE
SP,FALSE,FALSE,FALSE,FALSE,FALSE,FALSE
SR,FALSE,FALSE,FALSE,FALSE,FALSE,FALSE
SS,FALSE,FALSE,FALSE,FALSE,FALSE,FALSE
SU,FALSE,FALSE,FALSE,FALSE,FALSE,FALSE
SX,FALSE,FALSE,FALSE,FALSE,FALSE,FALSE
UC,TRUE,TRUE,TRUE,TRUE,TRUE,TRUE
UE,FALSE,FALSE,FALSE,FALSE,FALSE,FALSE
UF,TRUE,TRUE,FALSE,FALSE,FALSE,FALSE
UH,TRUE,TRUE,FALSE,FALSE,FALSE,FALSE
UI,FALSE,FALSE,FALSE,FALSE,FALSE,FALSE
UM,TRUE,TRUE,FALSE,FALSE,FALSE,FALSE
UP,TRUE,TRUE,FALSE,FALSE,FALSE,FALSE
US,FALSE,FALSE,FALSE,FALSE,FALSE,FALSE
UU,FALSE,TRUE,FALSE,TRUE,FALSE,TRUE
UX,FALSE,TRUE,FALSE,TRUE,FALSE,TRUE
X,FALSE,TRUE,FALSE,TRUE,FALSE,TRUE
