STDACT,WORK_W,WORK_WX,COMM_C,COMM_CX,COMM_CE,COMM_CXE,Energy
CA,TRUE,TRUE,TRUE,TRUE,TRUE,TRUE,4.8
CC,TRUE,TRUE,TRUE,TRUE,TRUE,TRUE,5
CM,TRUE,TRUE,TRUE,TRUE,TRUE,TRUE,3.3
CS,TRUE,TRUE,TRUE,TRUE,TRUE,TRUE,2.3
CU,TRUE,TRUE,TRUE,TRUE,TRUE,TRUE,4.5
CW,TRUE,TRUE,TRUE,TRUE,TRUE,TRUE,3.98
CX,TRUE,TRUE,TRUE,TRUE,TRUE,TRUE,3.98
EE,FALSE,FALSE,FALSE,FALSE,FALSE,FALSE,1.75
ES,FALSE,FALSE,FALSE,FALSE,FALSE,FALSE,1.5
EU,FALSE,FALSE,FALSE,FALSE,FALSE,FALSE,1.63
EX,FALSE,FALSE,FALSE,FALSE,FALSE,FALSE,1.63
FA,TRUE,TRUE,FALSE,FALSE,FALSE,FALSE,4.8
FC,TRUE,TRUE,FALSE,FALSE,FALSE,FALSE,3.5
FF,TRUE,TRUE,FALSE,FALSE,FALSE,FALSE,3.5
FH,TRUE,TRUE,FALSE,FALSE,FALSE,FALSE,5
FL,TRUE,TRUE,FALSE,FALSE,FALSE,FALSE,4.8
FU,TRUE,TRUE,FALSE,FALSE,FALSE,FALSE,4.32
FX,TRUE,TRUE,FALSE,FALSE,FALSE,FALSE,4.32
HH,TRUE,TRUE,FALSE,FALSE,FALSE,FALSE,3.3
HM,TRUE,TRUE,FALSE,FALSE,FALSE,FALSE,3.3
HU,TRUE,TRUE,FALSE,FALSE,FALSE,FALSE,3.3
HX,TRUE,TRUE,FALSE,FALSE,FALSE,FALSE,3.3
IE,TRUE,TRUE,FALSE,FALSE,TRUE,TRUE,1.55
IG,FALSE,FALSE,FALSE,FALSE,FALSE,FALSE,2
II,FALSE,FALSE,FALSE,FALSE,FALSE,FALSE,1.3
IN,FALSE,FALSE,FALSE,FALSE,FALSE,FALSE,1.3
IP,FALSE,FALSE,FALSE,FALSE,FALSE,FALSE,1.3
IR,FALSE,FALSE,FALSE,FALSE,FALSE,FALSE,1.3
IS,FALSE,FALSE,FALSE,FALSE,FALSE,FALSE,0.95
IU,FALSE,FALSE,FALSE,FALSE,FALSE,FALSE,1.39
IX,FALSE,FALSE,FALSE,FALSE,FALSE,FALSE,1.39
MA,TRUE,TRUE,FALSE,FALSE,FALSE,FALSE,3.3
MC,TRUE,TRUE,FALSE,FALSE,FALSE,FALSE,2.5
MF,TRUE,TRUE,FALSE,FALSE,FALSE,FALSE,4.5
MM,TRUE,TRUE,FALSE,FALSE,FALSE,FALSE,4.5
MU,TRUE,TRUE,FALSE,FALSE,FALSE,FALSE,3.7
MX,TRUE,TRUE,FALSE,FALSE,FALSE,FALSE,3.7
PC,TRUE,TRUE,FALSE,FALSE,FALSE,FALSE,3.5
PG,TRUE,TRUE,FALSE,FALSE,FALSE,FALSE,3.5
PH,TRUE,TRUE,FALSE,FALSE,FALSE,FALSE,3.5
PS,TRUE,TRUE,FALSE,FALSE,FALSE,FALSE,2.5
PU,TRUE,TRUE,FALSE,FALSE,FALSE,FALSE,3.25
PX,TRUE,TRUE,FALSE,FALSE,FALSE,FALSE,3.25
SC,TRUE,TRUE,FALSE,FALSE,FALSE,FALSE,2.5
SE,TRUE,TRUE,FALSE,FALSE,TRUE,TRUE,1.65
SO,FALSE,FALSE,FALSE,FALSE,FALSE,FALSE,2.3
SP,FALSE,FALSE,FALSE,FALSE,FALSE,FALSE,2
SR,FALSE,FALSE,FALSE,FALSE,FALSE,FALSE,2.25
SS,FALSE,FALSE,FALSE,FALSE,FALSE,FALSE,1.65
SU,FALSE,FALSE,FALSE,FALSE,FALSE,FALSE,2.06
SX,FALSE,FALSE,FALSE,FALSE,FALSE,FALSE,2.06
UC,TRUE,TRUE,TRUE,TRUE,TRUE,TRUE,3.98
UE,FALSE,FALSE,FALSE,FALSE,FALSE,FALSE,1.63
UF,TRUE,TRUE,FALSE,FALSE,FALSE,FALSE,4.32
UH,TRUE,TRUE,FALSE,FALSE,FALSE,FALSE,3.3
UI,FALSE,FALSE,FALSE,FALSE,FALSE,FALSE,1.39
UM,TRUE,TRUE,FALSE,FALSE,FALSE,FALSE,3.7
UP,TRUE,TRUE,FALSE,FALSE,FALSE,FALSE,3.25
US,FALSE,FALSE,FALSE,FALSE,FALSE,FALSE,2.06
UU,FALSE,TRUE,FALSE,TRUE,FALSE,TRUE,3.09
UX,FALSE,TRUE,FALSE,TRUE,FALSE,TRUE,3.09
X,FALSE,TRUE,FALSE,TRUE,FALSE,TRUE,3.09
